city,state
Autauga County, Alabama
Baldwin County, Alabama
Barbour County, Alabama
Bibb County, Alabama
Blount County, Alabama
Bullock County, Alabama
Butler County, Alabama
Calhoun County, Alabama
Chambers County, Alabama
Cherokee County, Alabama
Chilton County, Alabama
Choctaw County, Alabama
Clarke County, Alabama
Clay County, Alabama
Cleburne County, Alabama
Coffee County, Alabama
Colbert County, Alabama
Conecuh County, Alabama
Coosa County, Alabama
Covington County, Alabama
Crenshaw County, Alabama
Cullman County, Alabama
Dale County, Alabama
Dallas County, Alabama
DeKalb County, Alabama
Elmore County, Alabama
Escambia County, Alabama
Etowah County, Alabama
Fayette County, Alabama
Franklin County, Alabama
Geneva County, Alabama
Greene County, Alabama
Hale County, Alabama
Henry County, Alabama
Houston County, Alabama
Jackson County, Alabama
Jefferson County, Alabama
Lamar County, Alabama
Lauderdale County, Alabama
Lawrence County, Alabama
Lee County, Alabama
Limestone County, Alabama
Lowndes County, Alabama
Macon County, Alabama
Madison County, Alabama
Marengo County, Alabama
Marion County, Alabama
Marshall County, Alabama
Mobile County, Alabama
Monroe County, Alabama
Montgomery County, Alabama
Morgan County, Alabama
Perry County, Alabama
Pickens County, Alabama
Pike County, Alabama
Randolph County, Alabama
Russell County, Alabama
St. Clair County, Alabama
Shelby County, Alabama
Sumter County, Alabama
Talladega County, Alabama
Tallapoosa County, Alabama
Tuscaloosa County, Alabama
Walker County, Alabama
Washington County, Alabama
Wilcox County, Alabama
Winston County, Alabama
Huntsville, Alabama
Birmingham, Alabama
Montgomery, Alabama
Mobile, Alabama
Tuscaloosa, Alabama
Hoover, Alabama
Auburn, Alabama
Dothan, Alabama
Decatur, Alabama
Madison, Alabama
Florence, Alabama
Phenix City, Alabama
Prattville, Alabama
Gadsden, Alabama
Vestavia Hills, Alabama
Homewood, Alabama
Anniston, Alabama
Prichard, Alabama
Bessemer, Alabama
Opelika, Alabama
Enterprise, Alabama
Troy, Alabama
Trussville, Alabama
Northport, Alabama
Albertville, Alabama
Scottsboro, Alabama
Cullman, Alabama
Selma, Alabama
Talladega, Alabama
Pell City, Alabama
Mountain Brook, Alabama
Oxford, Alabama
Alabaster, Alabama
Jasper, Alabama
Alexander City, Alabama
Saraland, Alabama
Hueytown, Alabama
Athens, Alabama
Gulf Shores, Alabama
Center Point, Alabama
Irondale, Alabama
Tuskegee, Alabama
Muscle Shoals, Alabama
Fort Payne, Alabama
Hartselle, Alabama
Chelsea, Alabama
Jacksonville, Alabama
Eufaula, Alabama
Foley, Alabama
Pelham, Alabama
Fairhope, Alabama
Russellville, Alabama
Spanish Fort, Alabama
Helena, Alabama
Moody, Alabama
Sylacauga, Alabama
Arab, Alabama
Leeds, Alabama
Rainbow City, Alabama
Montevallo, Alabama
Gardendale, Alabama
Guntersville, Alabama
Calera, Alabama
Wetumpka, Alabama
Andalusia, Alabama
Demopolis, Alabama
Pike Road, Alabama
Ozark, Alabama
Fairfield, Alabama
Pleasant Grove, Alabama
Atmore, Alabama
Hamilton, Alabama
Pinson, Alabama
Greenville, Alabama
Oneonta, Alabama
Opp, Alabama
Daphne, Alabama
Millbrook, Alabama
Clay, Alabama
Robertsdale, Alabama
Roanoke, Alabama
Satsuma, Alabama
Tillmans Corner, Alabama
Theodore, Alabama
Tallassee, Alabama
Tarrant, Alabama
Sylvan Springs, Alabama
Sumiton, Alabama
Sulligent, Alabama
Stevenson, Alabama
Steele, Alabama
Springville, Alabama
Southside, Alabama
Smiths Station, Alabama
Sheffield, Alabama
Sand Rock, Alabama
Samson, Alabama
Sardis City, Alabama
St. Florian, Alabama
Rogersville, Alabama
Riverside, Alabama
Red Bay, Alabama
Rainsville, Alabama
Ragland, Alabama
Point Clear,Alabama
Pine Level, Alabama
Pine Hill, Alabama
Odenville, Alabama
Notasulga, Alabama
North Courtland, Alabama
New Market, Alabama
New Hope, Alabama
New Brockton, Alabama
Nauvoo, Alabama
Munford, Alabama
Mount Vernon, Alabama
Mount Olive, Alabama
Moundville, Alabama
Moulton, Alabama
Monroeville, Alabama
Millport, Alabama
Midland City, Alabama
Midfield, Alabama
Meridianville, Alabama
Mentone, Alabama
McIntosh, Alabama
McKenzie, Alabama
Luverne, Alabama
Loxley, Alabama
Louisville, Alabama
Lookout Mountain, Alabama
Locust Fork, Alabama
Livingston, Alabama
Lineville, Alabama
Lincoln, Alabama
Lillian, Alabama
Lexington, Alabama
Level Plains, Alabama
Leighton, Alabama
Leesburg, Alabama
Lanett, Alabama
Langston, Alabama
LaFayette, Alabama
Ladonia, Alabama
Kinston, Alabama
Kinsey, Alabama
Kimberly, Alabama
Killen, Alabama
Kennedy, Alabama
Kellyton, Alabama
Kansas, Alabama
Jemison, Alabama
Jasper, Alabama
Jacksonville, Alabama
Jacksons Gap, Alabama
Jackson, Alabama
Indian Springs Village, Alabama
Ider, Alabama
Hytop, Alabama
Hurtsboro, Alabama
Huguley, Alabama
Holly Pond, Alabama
Hollis Crossroads, Alabama
Hollins, Alabama
Hokes Bluff, Alabama
Hodges, Alabama
Hobson City, Alabama
Hobson, Alabama
Hissop, Alabama
Hillsboro, Alabama
Highland Lakes, Alabama
Highland Lake, Alabama
Henagar, Alabama
Heflin, Alabama
Heath, Alabama
Headland, Alabama
Hazel Green, Alabama
Hayneville, Alabama
Hayden, Alabama
Hatton, Alabama
Harvest, Alabama
Hartford, Alabama
Harpersville, Alabama
Hanover, Alabama
Hanceville, Alabama
Hammondville, Alabama
Haleburg, Alabama
Hackneyville, Alabama
Hackleburg, Alabama
Gu-Win, Alabama
Gurley, Alabama
Guin, Alabama
Grove Hill, Alabama
Grimes, Alabama
Greensboro, Alabama
Graysville, Alabama
Grayson Valley, Alabama
Grant, Alabama
Grand Bay, Alabama
Graham, Alabama
Goshen, Alabama
Gordonville, Alabama
Gordon, Alabama
Gordo, Alabama
Goodwater, Alabama
Good Hope, Alabama
Goldville, Alabama
Glenwood, Alabama
Glencoe, Alabama
Glen Allen, Alabama
Gilbertown, Alabama
Geraldine, Alabama
Georgiana, Alabama
Geneva, Alabama
Geiger, Alabama
Gaylesville, Alabama
Garden City, Alabama
Gantt, Alabama
Gallant, Alabama
Gainesville, Alabama
Fyffe, Alabama
Fultondale, Alabama
Fulton, Alabama
Fruithurst, Alabama
Fruitdale, Alabama
Frisco City, Alabama
Fredonia, Alabama
Franklin, Alabama
Fort Rucker, Alabama
Fort Deposit, Alabama
Forkland, Alabama
Forestdale, Alabama
Florala, Alabama
Flomaton, Alabama
Five Points, Alabama
Fitzpatrick, Alabama
Fayetteville, Alabama
Fayette, Alabama
Faunsdale, Alabama
Falkville, Alabama
Fairview, Alabama
Fairford, Alabama
Excel, Alabama
Evergreen, Alabama
Eva, Alabama
Eutaw, Alabama
Eunola, Alabama
Ethelsville, Alabama
Equality, Alabama
Epes, Alabama
Enterprise, Alabama
Emerald Mountain, Alabama
Emelle, Alabama
Elmore, Alabama
Elkmont, Alabama
Eldridge, Alabama
Elberta, Alabama
Elba, Alabama
Egypt, Alabama
Edwardsville, Alabama
Edgewater, Alabama
Eclectic, Alabama
East Point, Alabama
East Brewton, Alabama
Eagle Point, Alabama
Dutton, Alabama
Dunnavant, Alabama
Dozier, Alabama
Douglas, Alabama
Double Springs, Alabama
Dora, Alabama
Dodge City, Alabama
Detroit, Alabama
Delta, Alabama
Detroit, Alabama
Deer Park, Alabama
Deatsville, Alabama
Dayton, Alabama
Daviston, Alabama
Dauphin Island, Alabama
Daleville, Alabama
Dadeville, Alabama
Cullomburg, Alabama
Cusseta, Alabama
Cuba, Alabama
Crossville, Alabama
Creola, Alabama
Cowarts, Alabama
Courtland, Alabama
County Line, Alabama
Cottonwood, Alabama
Cottondale, Alabama
Cordova, Alabama
Coosada, Alabama
Columbiana, Alabama
Columbia, Alabama
Colony, Alabama
Collinsville, Alabama
Coker, Alabama
Coffee Springs, Alabama
Coffeeville, Alabama
Coaling, Alabama
Clio, Alabama
Clayton, Alabama
Cleveland, Alabama
Clayhatchee, Alabama
Clanton, Alabama
Citronelle, Alabama
Chunchula, Alabama
Childersburg, Alabama
Chickasaw, Alabama
Cherokee, Alabama
Centre, Alabama
Centreville, Alabama
Cedar Bluff, Alabama
Catherine, Alabama
Castleberry, Alabama
Carrollton, Alabama
Carolina, Alabama
Carlisle-Rockledge, Alabama
Carlton, Alabama
Cardiff, alabama
Carbon Hill, Alabama
Camp Hill, Alabama
Camden, Alabama
Calvert, Alabama
Butler, Alabama
Bucks, Alabama
Brundidge, Alabama
Broomtown, Alabama
Brookwood, Alabama
Brookside, Alabama
Brook Highland, Alabama
Bristow Cove, Alabama
Brilliant, Alabama
Brighton, Alabama
Bridgeport, Alabama
Brewton, Alabama
Brent, Alabama
Brantleyville, Alabama
Brantley, Alabama
Boykin, Alabama
Bon Secour, Alabama
Bon Air, Alabama
Boligee, Alabama
Boaz, Alabama
Blue Springs, Alabama
Blue Ridge, Alabama
Blountsville, Alabama
Black, Alabama
Billingsley, Alabama
Berry, Alabama
Berlin, Alabama
Benton, Alabama
Belle Fontaine, Alabama
Bellamy, Alabama
Belk, Alabama
Belgreen, Alabama
Beaverton, Alabama
Beatrice, Alabama
Bear Creek, Alabama
Bayou La Batre, Alabama
Bay Minette, Alabama
Banks, Alabama
Ballplay, Alabama
Bakerhill, Alabama
Baileyton, Alabama
Babbie, Alabama
Axis, Alabama
Avon, Alabama
Autaugaville, Alabama
Attalla, Alabama
Ashville, Alabama
Ashland, Alabama
Ashford, Alabama
Arley, Alabama
Ariton, Alabama
Argo, Alabama
Ardmore, Alabama
Anderson, Alabama
Altoona, Alabama
Allgood, Alabama
Aliceville, Alabama
Alexandria, Alabama
Addison, Alabama
Adamsville, Alabama
Abbeville, Alabama
Abanda, Alabama
Aleutians East Borough, Alaska
Aleutians West Census Area, Alaska
Anchorage Municipality, Alaska
Bethel Census Area, Alaska
Bristol Bay Borough, Alaska
Chugach Census Area, Alaska
Copper River Census Area, Alaska
Denali Borough, Alaska
Dillingham Census Area, Alaska
Fairbanks North Star Borough, Alaska
Haines Borough, Alaska
Hoonah-Angoon Census Area, Alaska
Juneau City and Borough, Alaska
Kenai Peninsula Borough, Alaska
Ketchikan Gateway Borough, Alaska
Kodiak Island Borough, Alaska
Kusilvak Census Area, Alaska
Lake and Peninsula Borough, Alaska
Matanuska-Susitna Borough, Alaska
Nome Census Area, Alaska
North Slope Borough, Alaska
Northwest Arctic Borough, Alaska
Petersburg Borough, Alaska
Prince of Wales-Hyder Census Area, Alaska
Sitka City and Borough, Alaska
Skagway Municipality, Alaska
Southeast Fairbanks Census Area, Alaska
Wrangell City and Borough, Alaska
Yakutat City and Borough, Alaska
Yukon-Koyukuk Census Area, Alaska
Adak, Alaska
Akhiok, Alaska
Akiak, Alaska
Akutan, Alaska
Alakanuk, Alaska
Aleknagik, Alaska
Allakaket, Alaska
Ambler, Alaska
Anaktuvuk Pass, Alaska
Anchorage, Alaska
Anderson, Alaska
Angoon, Alaska
Aniak, Alaska
Anvik, Alaska
Atka, Alaska
Atqasuk, Alaska
Bethel, Alaska
Bettles, Alaska
Brevig Mission, Alaska
Buckland, Alaska
Chefornak, Alaska
Chevak, Alaska
Chignik, Alaska
Chuathbaluk, Alaska
Clark's Point, Alaska
Coffman Cove, Alaska
Cold Bay, Alaska
Cordova, Alaska
Craig, Alaska
Deering, Alaska
Delta Junction, Alaska
Dillingham, Alaska
Diomede, Alaska
Eagle, Alaska
Edna Bay, Alaska
Eek, Alaska
Egegik, Alaska
Ekwok, Alaska
Elim, Alaska
Emmonak, Alaska
Fairbanks, Alaska
False Pass, Alaska
Fort Yukon, Alaska
Galena, Alaska
Gambell, Alaska
Golovin, Alaska
Goodnews Bay, Alaska
Grayling, Alaska
Gustavus, Alaska
Holy Cross, Alaska
Homer, Alaska
Hoonah, Alaska
Hooper Bay, Alaska
Houston, Alaska
Hughes, Alaska
Huslia, Alaska
Hydaburg, Alaska
Juneau, Alaska
Kachemak, Alaska
Kake, Alaska
Kaktovik, Alaska
Kaltag, Alaska
Kasaan, Alaska
Kenai, Alaska
Ketchikan, Alaska
Kiana, Alaska
King Cove, Alaska
Kivalina, Alaska
Klawock, Alaska
Kobuk, Alaska
Kodiak, Alaska
Kotlik, Alaska
Kotzebue, Alaska
Koyuk, Alaska
Koyukuk, Alaska
Kupreanof, Alaska
Kwethluk, Alaska
Larsen Bay, Alaska
Lower Kalskag, Alaska
Manokotak, Alaska
Marshall, Alaska
McGrath, Alaska
Mekoryuk, Alaska
Metlakatla, Alaska
Mountain Village, Alaska
Napakiak, Alaska
Napaskiak, Alaska
Nenana, Alaska
New Stuyahok, Alaska
Newhalen, Alaska
Nightmute, Alaska
Nikolai, Alaska
Nome, Alaska
Nondalton, Alaska
Noorvik, Alaska
North Pole, Alaska
Nuiqsut, Alaska
Nulato, Alaska
Nunam Iqua, Alaska
Nunapitchuk, Alaska
Old Harbor, Alaska
Ouzinkie, Alaska
Palmer, Alaska
Pelican, Alaska
Pilot Point, Alaska
Pilot Station, Alaska
Platinum, Alaska
Point Hope, Alaska
Port Alexander, Alaska
Port Heiden, Alaska
Port Lions, Alaska
Quinhagak, Alaska
Ruby, Alaska
Russian Mission, Alaska
Saint George, Alaska
Saint Mary's, Alaska
Saint Michael, Alaska
Saint Paul, Alaska
Sand Point, Alaska
Savoonga, Alaska
Saxman, Alaska
Scammon Bay, Alaska
Selawik, Alaska
Seldovia, Alaska
Seward, Alaska
Shageluk, Alaska
Shaktoolik, Alaska
Shishmaref, Alaska
Shungnak, Alaska
Sitka, Alaska
Skagway, Alaska
Soldotna, Alaska
Stebbins, Alaska
Tanana, Alaska
Teller, Alaska
Tenakee Springs, Alaska
Thorne Bay, Alaska
Togiak, Alaska
Toksook Bay, Alaska
Unalakleet, Alaska
Unalaska, Alaska
Upper Kalskag, Alaska
Utqiagvik, Alaska
Valdez, Alaska
Wainwright, Alaska
Wales, Alaska
Wasilla, Alaska
Whale Pass, Alaska
White Mountain, Alaska
Whittier, Alaska
Wrangell, Alaska
Yakutat, Alaska
